sample	cutadapt_total_processed	cutadapt_reverse_complemented	cutadapt_passing_filters	cutadapt_passing_filters_percent	input	filtered	denoised	nonchim
s1l1_1_CTAAGGTAAC	67,456	0	41,569	61.6%	41569	29432	27635	26662
s1l1_10_CTGACCGAAC	56,496	0	37,131	65.7%	37131	27721	25863	25473
s1l1_12_TAGGTGGTTC	68,138	0	45,265	66.4%	45265	33263	30759	30610
s1l1_13_TCTAACGGAC	9,981	0	6,668	66.8%	6668	4962	4690	4690
s1l1_14_TTGGAGTGTC	13,617	0	9,488	69.7%	9488	7152	7073	7015
s1l1_15_TCTAGAGGTC	44,969	0	29,554	65.7%	29554	22637	21953	21904
s1l1_16_TCTGGATGAC	28,664	0	17,937	62.6%	17937	13843	12917	12760
s1l1_17_TCTATTCGTC	58,546	0	39,563	67.6%	39563	30705	28410	27837
s1l1_18_AGGCAATTGC	54,464	0	35,346	64.9%	35346	26311	24577	24071
s1l1_19_TTAGTCGGAC	33,104	0	19,902	60.1%	19902	14162	12783	12724
s1l1_2_TAAGGAGAAC	42,851	0	27,413	64.0%	27413	19392	18612	17875
s1l1_20_CAGATCCATC	71,668	0	43,646	60.9%	43646	30715	27869	26934
s1l1_21_TCGCAATTAC	14,563	0	10,313	70.8%	10313	7919	7803	7695
s1l1_22_TTCGAGACGC	8,487	0	6,067	71.5%	6067	4713	4648	4600
s1l1_23_TGCCACGAAC	26,605	0	18,618	70.0%	18618	13257	12871	12804
s1l1_24_AACCTCATTC	31,285	0	20,211	64.6%	20211	15053	13764	13480
s1l1_25_CCTGAGATAC	61,684	0	38,765	62.8%	38765	27690	25757	25250
s1l1_26_TTACAACCTC	62,268	0	38,983	62.6%	38983	27234	24760	24118
s1l1_27_AACCATCCGC	57,531	0	36,503	63.4%	36503	26619	25085	24330
s1l1_28_ATCCGGAATC	67,904	0	41,163	60.6%	41163	29211	27519	26353
s1l1_29_TCGACCACTC	8,706	0	5,510	63.3%	5510	4129	4027	4021
s1l1_3_AAGAGGATTC	71,231	0	45,921	64.5%	45921	33823	30865	30430
s1l1_30_CGAGGTTATC	23,559	0	15,057	63.9%	15057	11693	11499	10973
s1l1_31_TCCAAGCTGC	23,620	0	17,208	72.9%	17208	13469	13248	12814
s1l1_32_TCTTACACAC	26,237	0	15,766	60.1%	15766	11431	10512	10462
s1l1_33_TTCTCATTGAAC	70,552	0	44,311	62.8%	44311	30930	29961	28508
s1l1_34_TCGCATCGTTC	40,565	0	27,876	68.7%	27876	22212	20418	20167
s1l1_35_TAAGCCATTGTC	50,489	0	32,241	63.9%	32241	23204	21410	21364
s1l1_36_AAGGAATCGTC	14,367	0	10,168	70.8%	10168	7831	7661	7614
s1l1_37_CTTGAGAATGTC	7,845	0	5,383	68.6%	5383	3856	3772	3764
s1l1_38_TGGAGGACGGAC	17,927	0	12,244	68.3%	12244	9026	8871	8702
s1l1_39_TAACAATCGGC	21,919	0	15,142	69.1%	15142	10685	10478	10242
s1l1_4_TACCAAGATC	81,711	0	49,018	60.0%	49018	35057	32699	31757
s1l1_40_CTGACATAATC	34,212	0	20,992	61.4%	20992	15959	14262	14095
s1l1_41_TTCCACTTCGC	54,379	0	34,638	63.7%	34638	25549	24071	23615
s1l1_42_AGCACGAATC	41,796	0	26,799	64.1%	26799	20460	18395	18296
s1l1_43_CTTGACACCGC	52,066	0	33,577	64.5%	33577	24354	22609	22606
s1l1_44_TTGGAGGCCAGC	19,543	0	13,945	71.4%	13945	10288	10135	10085
s1l1_45_TGGAGCTTCCTC	12,365	0	9,001	72.8%	9001	6677	6549	6511
s1l1_46_TCAGTCCGAAC	12,678	0	9,083	71.6%	9083	6608	6507	6442
s1l1_47_TAAGGCAACCAC	15,523	0	11,068	71.3%	11068	7924	7656	7640
s1l1_48_TTCTAAGAGAC	24,980	0	16,426	65.8%	16426	12648	11614	11511
s1l1_49_TCCTAACATAAC	59,629	0	37,469	62.8%	37469	27143	25756	25447
s1l1_5_CAGAAGGAAC	9,037	0	6,051	67.0%	6051	4134	4043	4043
s1l1_50_CGGACAATGGC	53,809	0	35,288	65.6%	35288	26189	24297	23862
s1l1_51_TTGAGCCTATTC	59,729	0	40,007	67.0%	40007	30579	29292	28139
s1l1_52_CCGCATGGAAC	25,529	0	17,623	69.0%	17623	12764	12413	12007
s1l1_53_CTGGCAATCCTC	8,176	0	5,717	69.9%	5717	4165	4118	4101
s1l1_54_CCGGAGAATCGC	10,263	0	7,390	72.0%	7390	5623	5543	5401
s1l1_55_TCCACCTCCTC	12,095	0	8,571	70.9%	8571	6549	6455	6346
s1l1_56_CAGCATTAATTC	27,462	0	16,319	59.4%	16319	11143	9916	9886
s1l1_57_TCTGGCAACGGC	31,852	0	21,682	68.1%	21682	16986	15516	15458
s1l1_58_TCCTAGAACAC	52,829	0	33,832	64.0%	33832	24666	22764	22504
s1l1_59_TCCTTGATGTTC	70,606	0	45,295	64.2%	45295	32527	30419	29922
s1l1_6_CTGCAAGTTC	23,151	0	16,931	73.1%	16931	13167	13036	12558
s1l1_60_TCTAGCTCTTC	34,960	0	23,696	67.8%	23696	17546	16853	16628
s1l1_61_TCACTCGGATC	8,004	0	4,886	61.0%	4886	3662	3632	3615
s1l1_62_TTCCTGCTTCAC	12,717	0	8,965	70.5%	8965	6440	6310	6212
s1l1_63_CCTTAGAGTTC	15,358	0	10,708	69.7%	10708	7906	7782	7718
s1l1_64_CTGAGTTCCGAC	28,945	0	18,594	64.2%	18594	13397	12299	12267
s1l1_65_TCCTGGCACATC	71,968	0	48,089	66.8%	48089	36597	34105	32800
s1l1_66_CCGCAATCATC	46,554	0	30,110	64.7%	30110	22198	20171	19783
s1l1_67_TTCCTACCAGTC	66,583	0	40,568	60.9%	40568	27888	25805	25099
s1l1_68_TCAAGAAGTTC	24,546	0	16,409	66.8%	16409	11865	11686	11539
s1l1_69_TTCAATTGGC	21,366	0	14,342	67.1%	14342	10547	10319	10105
s1l1_7_TTCGTGATTC	44,720	0	28,906	64.6%	28906	23094	20978	19866
s1l1_70_CCTACTGGTC	15,196	0	11,032	72.6%	11032	8502	8399	8353
s1l1_71_TGAGGCTCCGAC	24,557	0	16,227	66.1%	16227	12035	10994	10962
s1l1_72_CGAAGGCCACAC	33,743	0	20,739	61.5%	20739	14621	13060	13060
s1l1_73_TCTGCCTGTC	47,729	0	31,179	65.3%	31179	23504	22190	22073
s1l1_74_CGATCGGTTC	60,915	0	39,376	64.6%	39376	29475	27045	26098
s1l1_75_TCAGGAATAC	66,638	0	38,898	58.4%	38898	27264	25129	23501
s1l1_76_CGGAAGAACCTC	33,173	0	23,294	70.2%	23294	16956	16573	15901
s1l1_77_CGAAGCGATTC	13,814	0	9,636	69.8%	9636	7425	7322	7272
s1l1_78_CAGCCAATTCTC	17,197	0	11,157	64.9%	11157	8042	7839	7757
s1l1_79_CCTGGTTGTC	28,534	0	18,156	63.6%	18156	13223	12328	12251
s1l1_8_TTCCGATAAC	32,880	0	19,401	59.0%	19401	13484	12255	12255
s1l1_80_TCGAAGGCAGGC	24,454	0	16,621	68.0%	16621	12673	11087	11087
s1l1_81_CCTGCCATTCGC	70,829	0	46,276	65.3%	46276	33966	31567	30240
s1l1_82_TTGGCATCTC	54,967	0	35,485	64.6%	35485	26373	24278	23499
s1l1_83_CTAGGACATTC	61,585	0	38,696	62.8%	38696	27345	25771	24991
s1l1_84_CTTCCATAAC	30,708	0	20,330	66.2%	20330	14067	13660	13483
s1l1_85_CCAGCCTCAAC	7,514	0	5,295	70.5%	5295	3799	3722	3716
s1l1_86_CTTGGTTATTC	22,091	0	15,600	70.6%	15600	11646	11425	11068
s1l1_87_TTGGCTGGAC	31,939	0	20,028	62.7%	20028	14789	13473	13473
s1l1_89_TCCTGAATCTC	78,403	0	50,321	64.2%	50321	35956	33128	32666
s1l1_9_TGAGCGGAAC	72,497	0	45,945	63.4%	45945	32685	30713	29723
s1l1_90_CTAACCACGGC	52,686	0	33,305	63.2%	33305	23525	21613	21345
s1l1_91_CGGAAGGATGC	70,055	0	44,376	63.3%	44376	31873	29329	28817
s1l1_92_CTAGGAACCGC	32,376	0	21,450	66.3%	21450	14686	14279	14168
s1l1_93_CTTGTCCAATC	9,011	0	6,001	66.6%	6001	4164	4120	4055
s1l1_94_TCCGACAAGC	39,726	0	27,704	69.7%	27704	20544	20137	19263
s1l1_95_CGGACAGATC	38,673	0	23,618	61.1%	23618	17429	16425	16299
s1l2_1_CTAAGGTAAC	63,926	0	38,167	59.7%	38167	25777	24026	22791
s1l2_10_CTGACCGAAC	61,937	0	40,011	64.6%	40011	28521	26236	25679
s1l2_11_TCCTCGAATC	51,001	0	30,400	59.6%	30400	21186	19634	19384
s1l2_12_TAGGTGGTTC	55,261	0	40,814	73.9%	40814	31765	30683	26826
s1l2_13_TCTAACGGAC	28,695	0	20,041	69.8%	20041	15458	15224	14328
s1l2_14_TTGGAGTGTC	83,341	0	60,848	73.0%	60848	47147	44277	41244
s1l2_15_TCTAGAGGTC	7,343	0	5,410	73.7%	5410	4010	3910	3910
s1l2_16_TCTGGATGAC	90,222	0	65,819	73.0%	65819	46754	46241	44262
s1l2_17_TCTATTCGTC	53,203	0	35,590	66.9%	35590	26533	24628	23931
s1l2_18_AGGCAATTGC	59,495	0	38,089	64.0%	38089	26475	24032	23796
s1l2_19_TTAGTCGGAC	34,761	0	24,249	69.8%	24249	18642	18311	17067
s1l2_2_TAAGGAGAAC	57,515	0	34,658	60.3%	34658	23858	22104	21856
s1l2_20_CAGATCCATC	27,416	0	18,165	66.3%	18165	12123	11868	11577
s1l2_21_TCGCAATTAC	49,744	0	35,115	70.6%	35115	25096	24622	23750
s1l2_23_TGCCACGAAC	35,774	0	25,624	71.6%	25624	17927	16359	16359
s1l2_24_AACCTCATTC	18,305	0	13,414	73.3%	13414	9608	9351	9310
s1l2_25_CCTGAGATAC	55,571	0	34,134	61.4%	34134	23327	21763	21686
s1l2_26_TTACAACCTC	51,078	0	29,832	58.4%	29832	19431	18023	17149
s1l2_27_AACCATCCGC	27,005	0	19,016	70.4%	19016	13308	13087	12661
s1l2_28_ATCCGGAATC	29,901	0	21,024	70.3%	21024	15013	14730	14179
s1l2_29_TCGACCACTC	35,731	0	25,239	70.6%	25239	18415	18102	17443
s1l2_3_AAGAGGATTC	72,217	0	45,897	63.6%	45897	33455	30894	29843
s1l2_30_CGAGGTTATC	63,381	0	44,077	69.5%	44077	32928	32295	30901
s1l2_31_TCCAAGCTGC	79,172	0	54,225	68.5%	54225	39766	38331	35759
s1l2_32_TCTTACACAC	16,518	0	11,124	67.3%	11124	7572	7300	7163
s1l2_33_TTCTCATTGAAC	52,916	0	30,043	56.8%	30043	20894	19281	17642
s1l2_34_TCGCATCGTTC	42,740	0	29,309	68.6%	29309	22831	21069	20780
s1l2_35_TAAGCCATTGTC	64,373	0	44,659	69.4%	44659	33373	32199	28741
s1l2_36_AAGGAATCGTC	9,080	0	6,707	73.9%	6707	4972	4893	4810
s1l2_37_CTTGAGAATGTC	20,697	0	13,806	66.7%	13806	9496	9110	8817
s1l2_38_TGGAGGACGGAC	33,006	0	22,047	66.8%	22047	15568	15106	14859
s1l2_39_TAACAATCGGC	10,848	0	7,628	70.3%	7628	5184	4671	4671
s1l2_4_TACCAAGATC	38,582	0	25,163	65.2%	25163	15618	15285	14711
s1l2_40_CTGACATAATC	20,545	0	15,040	73.2%	15040	10977	10745	10385
s1l2_41_TTCCACTTCGC	53,869	0	34,185	63.5%	34185	24282	22725	22022
s1l2_42_AGCACGAATC	47,830	0	31,554	66.0%	31554	23108	21340	20936
s1l2_43_CTTGACACCGC	41,276	0	30,372	73.6%	30372	22952	22711	21195
s1l2_44_TTGGAGGCCAGC	20,218	0	14,014	69.3%	14014	10056	9739	9629
s1l2_45_TGGAGCTTCCTC	35,586	0	25,189	70.8%	25189	18433	17996	17718
s1l2_46_TCAGTCCGAAC	37,374	0	26,573	71.1%	26573	19334	18942	18340
s1l2_47_TAAGGCAACCAC	5,559	0	4,038	72.6%	4038	2772	2708	2708
s1l2_48_TTCTAAGAGAC	16,735	0	12,148	72.6%	12148	9041	8880	8806
s1l2_49_TCCTAACATAAC	39,656	0	25,068	63.2%	25068	16961	15458	15422
s1l2_5_CAGAAGGAAC	24,871	0	16,025	64.4%	16025	10065	9615	9526
s1l2_50_CGGACAATGGC	28,882	0	18,621	64.5%	18621	12718	11794	11388
s1l2_52_CCGCATGGAAC	36,559	0	24,123	66.0%	24123	16828	16351	15952
s1l2_54_CCGGAGAATCGC	7,755	0	5,521	71.2%	5521	3995	3911	3911
s1l2_55_TCCACCTCCTC	12,165	0	9,040	74.3%	9040	6912	6827	6827
s1l2_56_CAGCATTAATTC	12,121	0	8,257	68.1%	8257	5448	5289	5287
s1l2_57_TCTGGCAACGGC	31,093	0	19,930	64.1%	19930	14194	12842	12751
s1l2_58_TCCTAGAACAC	38,333	0	23,999	62.6%	23999	16855	15370	15248
s1l2_6_CTGCAAGTTC	78,417	0	53,853	68.7%	53853	36733	36275	31795
s1l2_60_TCTAGCTCTTC	30,941	0	22,767	73.6%	22767	16619	16403	15557
s1l2_61_TCACTCGGATC	48,940	0	34,894	71.3%	34894	27148	26718	25137
s1l2_62_TTCCTGCTTCAC	12,765	0	9,199	72.1%	9199	6524	5953	5953
s1l2_63_CCTTAGAGTTC	20,228	0	14,072	69.6%	14072	9108	8061	8061
s1l2_64_CTGAGTTCCGAC	9,319	0	6,872	73.7%	6872	4898	4810	4810
s1l2_65_TCCTGGCACATC	71,728	0	46,660	65.1%	46660	33378	31013	30270
s1l2_66_CCGCAATCATC	30,178	0	18,843	62.4%	18843	13411	12079	12079
s1l2_67_TTCCTACCAGTC	29,164	0	19,606	67.2%	19606	13450	13053	12773
s1l2_68_TCAAGAAGTTC	35,470	0	25,387	71.6%	25387	18464	18134	17287
s1l2_69_TTCAATTGGC	24,714	0	17,744	71.8%	17744	12678	12489	11957
s1l2_7_TTCGTGATTC	8,121	0	5,965	73.5%	5965	4294	4255	4255
s1l2_70_CCTACTGGTC	1,622	0	1,203	74.2%	1203	823	804	804
s1l2_71_TGAGGCTCCGAC	8,121	0	6,081	74.9%	6081	4409	4303	4303
s1l2_72_CGAAGGCCACAC	13,119	0	8,915	68.0%	8915	6034	5886	5818
s1l2_73_TCTGCCTGTC	64,424	0	40,879	63.5%	40879	29762	27864	26507
s1l2_74_CGATCGGTTC	53,432	0	32,144	60.2%	32144	21991	20263	19514
s1l2_75_TCAGGAATAC	35,921	0	23,513	65.5%	23513	15569	15141	14731
s1l2_76_CGGAAGAACCTC	33,622	0	23,026	68.5%	23026	16135	15755	15442
s1l2_77_CGAAGCGATTC	37,404	0	24,744	66.2%	24744	17870	17375	17142
s1l2_78_CAGCCAATTCTC	1,847	0	1,235	66.9%	1235	688	652	652
s1l2_79_CCTGGTTGTC	6,477	0	4,847	74.8%	4847	3480	3405	3405
s1l2_80_TCGAAGGCAGGC	14,350	0	10,321	71.9%	10321	7546	7311	7121
s1l2_81_CCTGCCATTCGC	54,827	0	35,048	63.9%	35048	24544	22746	22429
s1l2_82_TTGGCATCTC	65,635	0	42,312	64.5%	42312	31317	29363	27690
s1l2_83_CTAGGACATTC	41,214	0	27,862	67.6%	27862	18267	17912	17169
s1l2_84_CTTCCATAAC	27,230	0	19,069	70.0%	19069	12719	12497	11830
s1l2_85_CCAGCCTCAAC	37,813	0	26,547	70.2%	26547	17728	17499	16674
s1l2_86_CTTGGTTATTC	3,261	0	2,458	75.4%	2458	1710	1702	1702
s1l2_87_TTGGCTGGAC	5,656	0	4,234	74.9%	4234	3007	2970	2970
s1l2_89_TCCTGAATCTC	77,459	0	48,598	62.7%	48598	33998	31524	30300
s1l2_9_TGAGCGGAAC	60,252	0	38,333	63.6%	38333	26405	24549	24035
s1l2_90_CTAACCACGGC	48,709	0	30,514	62.6%	30514	21041	19157	18380
s1l2_91_CGGAAGGATGC	55,237	0	38,146	69.1%	38146	28079	27445	26278
s1l2_92_CTAGGAACCGC	49,862	0	34,344	68.9%	34344	24278	23729	22917
s1l2_93_CTTGTCCAATC	49,744	0	33,025	66.4%	33025	23357	22775	21225
s1l2_94_TCCGACAAGC	5,370	0	4,113	76.6%	4113	3113	3083	3083
s1l2_95_CGGACAGATC	4,639	0	3,484	75.1%	3484	2476	2447	2447
s1l3_1_CTAAGGTAAC	29,725	0	23,429	78.8%	23429	19085	18370	17940
s1l3_10_CTGACCGAAC	52,890	0	43,091	81.5%	43091	36527	36501	36501
s1l3_11_TCCTCGAATC	60,809	0	46,996	77.3%	46996	39328	39241	39201
s1l3_12_TAGGTGGTTC	1,521	0	1,232	81.0%	1232	1040	1030	1030
s1l3_13_TCTAACGGAC	1,762	0	1,410	80.0%	1410	1178	1165	1165
s1l3_14_TTGGAGTGTC	27,751	0	22,699	81.8%	22699	19490	18882	18039
s1l3_15_TCTAGAGGTC	52,045	0	41,281	79.3%	41281	35967	35912	35912
s1l3_16_TCTGGATGAC	65,510	0	51,600	78.8%	51600	44644	44586	44586
s1l3_17_TCTATTCGTC	21,386	0	17,404	81.4%	17404	14962	14517	13887
s1l3_18_AGGCAATTGC	49,649	0	40,564	81.7%	40564	34281	34243	34227
s1l3_19_TTAGTCGGAC	36,040	0	28,490	79.1%	28490	24172	24108	24101
s1l3_2_TAAGGAGAAC	52,833	0	40,812	77.2%	40812	34444	34390	34385
s1l3_20_CAGATCCATC	1,554	0	1,229	79.1%	1229	997	964	964
s1l3_21_TCGCAATTAC	1,523	0	1,249	82.0%	1249	1049	1035	1035
s1l3_22_TTCGAGACGC	6,874	0	5,401	78.6%	5401	4527	4276	4223
s1l3_23_TGCCACGAAC	62,948	0	48,219	76.6%	48219	40584	40531	40531
s1l3_24_AACCTCATTC	59,189	0	46,558	78.7%	46558	39483	39436	39436
s1l3_25_CCTGAGATAC	21,554	0	16,500	76.6%	16500	13419	12719	12421
s1l3_26_TTACAACCTC	49,801	0	39,200	78.7%	39200	32443	32387	32371
s1l3_27_AACCATCCGC	53,285	0	42,039	78.9%	42039	35357	35334	35334
s1l3_28_ATCCGGAATC	4,529	0	3,690	81.5%	3690	3101	3047	3047
s1l3_29_TCGACCACTC	35,834	0	26,464	73.9%	26464	21900	20607	18689
s1l3_3_AAGAGGATTC	58,761	0	45,757	77.9%	45757	39199	39139	39139
s1l3_30_CGAGGTTATC	12,732	0	10,373	81.5%	10373	8806	8547	8288
s1l3_31_TCCAAGCTGC	59,852	0	47,809	79.9%	47809	41731	41661	41661
s1l3_32_TCTTACACAC	66,548	0	50,913	76.5%	50913	42115	42020	42017
s1l3_33_TTCTCATTGAAC	28,441	0	22,590	79.4%	22590	18547	18172	16344
s1l3_34_TCGCATCGTTC	35,056	0	29,235	83.4%	29235	26041	25996	25996
s1l3_35_TAAGCCATTGTC	42,549	0	33,746	79.3%	33746	28253	28200	28200
s1l3_36_AAGGAATCGTC	1,365	0	1,130	82.8%	1130	974	951	951
s1l3_37_CTTGAGAATGTC	18,621	0	15,000	80.6%	15000	12329	12065	11662
s1l3_38_TGGAGGACGGAC	16,159	0	12,802	79.2%	12802	10843	10474	10196
s1l3_39_TAACAATCGGC	41,135	0	31,545	76.7%	31545	26060	26019	26019
s1l3_4_TACCAAGATC	2,060	0	1,685	81.8%	1685	1363	1350	1350
s1l3_40_CTGACATAATC	52,047	0	40,101	77.0%	40101	34034	34003	34003
s1l3_41_TTCCACTTCGC	19,227	0	14,962	77.8%	14962	12234	11785	11638
s1l3_42_AGCACGAATC	52,655	0	41,436	78.7%	41436	35925	35889	35889
s1l3_43_CTTGACACCGC	50,592	0	38,843	76.8%	38843	32776	32717	32717
s1l3_44_TTGGAGGCCAGC	28,008	0	21,637	77.3%	21637	18401	17426	16260
s1l3_45_TGGAGCTTCCTC	20,094	0	15,921	79.2%	15921	13627	13151	12972
s1l3_46_TCAGTCCGAAC	10,772	0	8,667	80.5%	8667	7001	6878	6753
s1l3_47_TAAGGCAACCAC	43,840	0	34,784	79.3%	34784	29564	29529	29529
s1l3_48_TTCTAAGAGAC	44,194	0	34,986	79.2%	34986	29987	29961	29961
s1l3_49_TCCTAACATAAC	23,416	0	18,629	79.6%	18629	15614	15041	14582
s1l3_5_CAGAAGGAAC	18,496	0	14,972	80.9%	14972	12126	12007	12007
s1l3_50_CGGACAATGGC	49,204	0	38,408	78.1%	38408	32191	32131	32131
s1l3_51_TTGAGCCTATTC	54,193	0	44,324	81.8%	44324	37749	37690	37653
s1l3_52_CCGCATGGAAC	2,213	0	1,818	82.2%	1818	1493	1467	1467
s1l3_53_CTGGCAATCCTC	25,885	0	20,460	79.0%	20460	16967	16591	16134
s1l3_54_CCGGAGAATCGC	20,226	0	16,100	79.6%	16100	13568	13117	12601
s1l3_55_TCCACCTCCTC	51,729	0	39,873	77.1%	39873	34142	34107	34107
s1l3_56_CAGCATTAATTC	50,921	0	39,234	77.0%	39234	32104	32059	32052
s1l3_57_TCTGGCAACGGC	3,063	0	2,484	81.1%	2484	2151	2060	2027
s1l3_58_TCCTAGAACAC	46,165	0	36,471	79.0%	36471	30987	30920	30920
s1l3_59_TCCTTGATGTTC	61,786	0	47,674	77.2%	47674	40184	40109	40103
s1l3_6_CTGCAAGTTC	33,092	0	25,042	75.7%	25042	20508	19722	18733
s1l3_60_TCTAGCTCTTC	1,589	0	1,267	79.7%	1267	1012	987	987
s1l3_61_TCACTCGGATC	20,265	0	16,281	80.3%	16281	13515	13233	12555
s1l3_62_TTCCTGCTTCAC	44,253	0	35,319	79.8%	35319	28730	28122	25593
s1l3_63_CCTTAGAGTTC	53,566	0	41,485	77.4%	41485	34852	34822	34822
s1l3_64_CTGAGTTCCGAC	46,503	0	36,398	78.3%	36398	30166	30118	30118
s1l3_65_TCCTGGCACATC	22,934	0	18,069	78.8%	18069	15215	14693	14241
s1l3_66_CCGCAATCATC	36,564	0	28,485	77.9%	28485	23913	23859	23827
s1l3_67_TTCCTACCAGTC	1,298	0	1,027	79.1%	1027	801	777	777
s1l3_68_TCAAGAAGTTC	3,448	0	2,851	82.7%	2851	2354	2338	2338
s1l3_69_TTCAATTGGC	26,385	0	21,043	79.8%	21043	17437	17011	16640
s1l3_7_TTCGTGATTC	66,759	0	51,516	77.2%	51516	44105	44048	44032
s1l3_70_CCTACTGGTC	46,883	0	37,179	79.3%	37179	31577	30784	27877
s1l3_71_TGAGGCTCCGAC	46,904	0	37,581	80.1%	37581	32302	32265	32265
s1l3_73_TCTGCCTGTC	33,826	0	27,020	79.9%	27020	22938	22245	21565
s1l3_74_CGATCGGTTC	60,727	0	48,465	79.8%	48465	41226	41181	41177
s1l3_75_TCAGGAATAC	1,904	0	1,550	81.4%	1550	1233	1201	1201
s1l3_76_CGGAAGAACCTC	3,802	0	3,098	81.5%	3098	2584	2558	2558
s1l3_77_CGAAGCGATTC	19,017	0	15,228	80.1%	15228	12850	12462	12221
s1l3_78_CAGCCAATTCTC	21,917	0	16,089	73.4%	16089	12214	11759	11690
s1l3_79_CCTGGTTGTC	43,278	0	34,485	79.7%	34485	29532	29461	28808
s1l3_8_TTCCGATAAC	71,044	0	54,260	76.4%	54260	44569	44471	44428
s1l3_81_CCTGCCATTCGC	26,890	0	22,077	82.1%	22077	18694	18658	18658
s1l3_82_TTGGCATCTC	40,347	0	31,263	77.5%	31263	26799	26763	26763
s1l3_83_CTAGGACATTC	2,179	0	1,786	82.0%	1786	1437	1419	1419
s1l3_84_CTTCCATAAC	4,128	0	3,332	80.7%	3332	2645	2620	2620
s1l3_85_CCAGCCTCAAC	51,121	0	40,142	78.5%	40142	32350	31638	29876
s1l3_86_CTTGGTTATTC	34,760	0	27,007	77.7%	27007	22402	21610	21357
s1l3_87_TTGGCTGGAC	57,711	0	47,173	81.7%	47173	40513	40424	40393
s1l3_89_TCCTGAATCTC	26,986	0	21,234	78.7%	21234	17639	16870	16561
s1l3_9_TGAGCGGAAC	33,470	0	26,511	79.2%	26511	22342	21790	20680
s1l3_90_CTAACCACGGC	34,903	0	28,301	81.1%	28301	23241	23203	23176
s1l3_91_CGGAAGGATGC	4,115	0	3,409	82.8%	3409	2819	2784	2784
s1l3_92_CTAGGAACCGC	1,983	0	1,608	81.1%	1608	1221	1212	1212
s1l3_93_CTTGTCCAATC	37,335	0	28,949	77.5%	28949	22924	22306	21005
s1l3_94_TCCGACAAGC	29,933	0	24,414	81.6%	24414	21243	20589	19766
s1l3_95_CGGACAGATC	69,967	0	54,497	77.9%	54497	46851	46789	46766
s2l1_1_CTAAGGTAAC	25,911	0	19,183	74.0%	19183	13909	13760	13560
s2l1_10_CTGACCGAAC	24,137	0	18,826	78.0%	18826	14924	14827	14278
s2l1_11_TCCTCGAATC	37,103	0	27,776	74.9%	27776	21454	21240	20291
s2l1_12_TAGGTGGTTC	30,173	0	22,065	73.1%	22065	16202	16058	15380
s2l1_13_TCTAACGGAC	21,737	0	16,532	76.1%	16532	13086	12978	12780
s2l1_14_TTGGAGTGTC	27,133	0	20,872	76.9%	20872	16646	16429	16076
s2l1_15_TCTAGAGGTC	25,925	0	19,932	76.9%	19932	15730	15563	15246
s2l1_16_TCTGGATGAC	26,250	0	20,346	77.5%	20346	16247	16078	15644
s2l1_17_TCTATTCGTC	10,856	0	8,531	78.6%	8531	6791	6700	6610
s2l1_18_AGGCAATTGC	18,714	0	14,324	76.5%	14324	10815	10698	10543
s2l1_19_TTAGTCGGAC	12,511	0	9,542	76.3%	9542	7432	7296	7230
s2l1_2_TAAGGAGAAC	21,224	0	15,792	74.4%	15792	11831	11699	11526
s2l1_20_CAGATCCATC	24,328	0	17,958	73.8%	17958	12550	12423	12174
s2l1_21_TCGCAATTAC	26,309	0	20,406	77.6%	20406	16010	15892	15597
s2l1_22_TTCGAGACGC	8,723	0	6,704	76.9%	6704	5439	5303	5235
s2l1_23_TGCCACGAAC	30,665	0	23,098	75.3%	23098	17174	17026	16825
s2l1_24_AACCTCATTC	24,206	0	18,342	75.8%	18342	13955	13857	13470
s2l1_25_CCTGAGATAC	15,819	0	11,446	72.4%	11446	8154	7998	7998
s2l1_26_TTACAACCTC	15,177	0	11,304	74.5%	11304	7940	7853	7778
s2l1_27_AACCATCCGC	16,289	0	12,521	76.9%	12521	9272	9162	9070
s2l1_28_ATCCGGAATC	32,433	0	24,676	76.1%	24676	18571	18415	17926
s2l1_29_TCGACCACTC	11,772	0	9,065	77.0%	9065	6884	6765	6747
s2l1_3_AAGAGGATTC	30,031	0	23,341	77.7%	23341	18428	18197	17651
s2l1_30_CGAGGTTATC	7,782	0	6,067	78.0%	6067	4696	4603	4567
s2l1_31_TCCAAGCTGC	50,601	0	35,588	70.3%	35588	27793	27517	26729
s2l1_32_TCTTACACAC	12,482	0	9,208	73.8%	9208	6698	6586	6499
s2l1_33_TTCTCATTGAAC	18,949	0	14,227	75.1%	14227	10465	10319	10248
s2l1_34_TCGCATCGTTC	14,559	0	11,481	78.9%	11481	9578	9415	9261
s2l1_35_TAAGCCATTGTC	10,367	0	7,723	74.5%	7723	5650	5540	5532
s2l1_36_AAGGAATCGTC	7,232	0	5,609	77.6%	5609	4411	4334	4328
s2l1_37_CTTGAGAATGTC	8,571	0	6,423	74.9%	6423	4639	4565	4554
s2l1_38_TGGAGGACGGAC	15,333	0	11,483	74.9%	11483	8514	8349	8349
s2l1_39_TAACAATCGGC	11,187	0	8,231	73.6%	8231	5827	5731	5725
s2l1_4_TACCAAGATC	38,057	0	28,175	74.0%	28175	20067	19895	19219
s2l1_40_CTGACATAATC	16,225	0	12,507	77.1%	12507	9672	9531	9309
s2l1_41_TTCCACTTCGC	61,135	0	40,756	66.7%	40756	29390	27475	26715
s2l1_42_AGCACGAATC	50,673	0	34,897	68.9%	34897	25838	23758	23505
s2l1_43_CTTGACACCGC	65,553	0	43,658	66.6%	43658	29986	27499	27268
s2l1_44_TTGGAGGCCAGC	55,143	0	40,132	72.8%	40132	30189	28582	27445
s2l1_45_TGGAGCTTCCTC	58,400	0	39,327	67.3%	39327	28541	25866	25630
s2l1_46_TCAGTCCGAAC	63,892	0	43,454	68.0%	43454	31196	28992	28712
s2l1_47_TAAGGCAACCAC	65,673	0	44,075	67.1%	44075	31407	29888	27556
s2l1_48_TTCTAAGAGAC	69,279	0	47,208	68.1%	47208	34617	31645	31383
s2l1_49_TCCTAACATAAC	44,115	0	29,318	66.5%	29318	20461	18682	18412
s2l1_5_CAGAAGGAAC	33,901	0	24,999	73.7%	24999	17929	17803	16853
s2l1_51_TTGAGCCTATTC	69,586	0	49,224	70.7%	49224	35423	33293	32488
s2l1_52_CCGCATGGAAC	81,859	0	54,209	66.2%	54209	37088	35189	33391
s2l1_53_CTGGCAATCCTC	60,589	0	40,374	66.6%	40374	28187	26284	25814
s2l1_54_CCGGAGAATCGC	40,340	0	27,628	68.5%	27628	20932	19500	18323
s2l1_55_TCCACCTCCTC	76,397	0	51,203	67.0%	51203	36881	34954	33525
s2l1_56_CAGCATTAATTC	64,092	0	41,794	65.2%	41794	27221	25470	24951
s2l1_57_TCTGGCAACGGC	15,507	0	10,920	70.4%	10920	8119	7313	7067
s2l1_58_TCCTAGAACAC	57,872	0	40,668	70.3%	40668	29628	27341	26888
s2l1_6_CTGCAAGTTC	23,291	0	17,777	76.3%	17777	13740	13579	13385
s2l1_60_TCTAGCTCTTC	87,598	0	59,595	68.0%	59595	43270	40442	39338
s2l1_61_TCACTCGGATC	67,431	0	44,897	66.6%	44897	32185	30385	29852
s2l1_62_TTCCTGCTTCAC	62,345	0	41,873	67.2%	41873	30276	28168	27456
s2l1_63_CCTTAGAGTTC	60,071	0	40,947	68.2%	40947	28138	26824	25590
s2l1_64_CTGAGTTCCGAC	66,406	0	44,188	66.5%	44188	31427	28906	28729
s2l1_65_TCCTGGCACATC	61,970	0	42,444	68.5%	42444	31259	29090	28162
s2l1_66_CCGCAATCATC	54,295	0	36,341	66.9%	36341	25990	23950	23716
s2l1_67_TTCCTACCAGTC	53,377	0	33,965	63.6%	33965	23234	21235	20967
s2l1_68_TCAAGAAGTTC	77,409	0	52,013	67.2%	52013	38559	35749	34960
s2l1_69_TTCAATTGGC	68,925	0	46,973	68.2%	46973	34420	32246	31104
s2l1_7_TTCGTGATTC	26,848	0	20,772	77.4%	20772	16409	16186	15752
s2l1_70_CCTACTGGTC	56,761	0	38,477	67.8%	38477	26979	24767	24507
s2l1_71_TGAGGCTCCGAC	68,330	0	47,313	69.2%	47313	33990	32257	31575
s2l1_72_CGAAGGCCACAC	73,346	0	49,122	67.0%	49122	34083	32090	31052
s2l1_73_TCTGCCTGTC	69,542	0	49,100	70.6%	49100	36615	34823	34004
s2l1_74_CGATCGGTTC	70,501	0	46,192	65.5%	46192	33397	31021	30427
s2l1_75_TCAGGAATAC	71,789	0	47,288	65.9%	47288	31250	29278	28500
s2l1_76_CGGAAGAACCTC	79,194	0	53,736	67.9%	53736	37826	35219	35145
s2l1_77_CGAAGCGATTC	75,182	0	51,696	68.8%	51696	37588	34708	34385
s2l1_78_CAGCCAATTCTC	44,160	0	27,929	63.2%	27929	18023	15905	15905
s2l1_79_CCTGGTTGTC	74,242	0	51,663	69.6%	51663	38614	37050	36571
s2l1_8_TTCCGATAAC	27,240	0	20,492	75.2%	20492	15443	15259	14652
s2l1_80_TCGAAGGCAGGC	67,622	0	47,166	69.7%	47166	34703	32238	31691
s2l1_9_TGAGCGGAAC	28,213	0	21,221	75.2%	21221	16022	15831	15634
s2l2_1_CTAAGGTAAC	59,543	0	38,447	64.6%	38447	25298	23812	23109
s2l2_10_CTGACCGAAC	58,057	0	39,425	67.9%	39425	26701	24559	23456
s2l2_11_TCCTCGAATC	68,405	0	44,699	65.3%	44699	32041	30107	28856
s2l2_12_TAGGTGGTTC	61,614	0	43,254	70.2%	43254	30470	28622	26187
s2l2_13_TCTAACGGAC	46,915	0	31,891	68.0%	31891	22993	21086	20753
s2l2_14_TTGGAGTGTC	54,382	0	38,800	71.3%	38800	28013	25778	25178
s2l2_15_TCTAGAGGTC	53,199	0	38,786	72.9%	38786	28668	26279	25870
s2l2_16_TCTGGATGAC	61,778	0	44,889	72.7%	44889	32591	30664	30412
s2l2_17_TCTATTCGTC	44,100	0	33,823	76.7%	33823	26021	24106	23974
s2l2_18_AGGCAATTGC	50,908	0	35,148	69.0%	35148	24560	22944	22804
s2l2_19_TTAGTCGGAC	43,768	0	32,029	73.2%	32029	23992	21818	21818
s2l2_2_TAAGGAGAAC	57,060	0	38,273	67.1%	38273	25839	24187	23867
s2l2_20_CAGATCCATC	62,841	0	40,981	65.2%	40981	27271	24833	24767
s2l2_21_TCGCAATTAC	52,418	0	40,584	77.4%	40584	29523	29133	27500
s2l2_22_TTCGAGACGC	19,092	0	14,384	75.3%	14384	10542	10300	9983
s2l2_23_TGCCACGAAC	47,112	0	32,717	69.4%	32717	19532	19199	18275
s2l2_24_AACCTCATTC	58,667	0	42,149	71.8%	42149	28718	27832	26976
s2l2_25_CCTGAGATAC	48,874	0	34,449	70.5%	34449	22470	22044	20947
s2l2_26_TTACAACCTC	48,261	0	32,034	66.4%	32034	18368	18061	17432
s2l2_27_AACCATCCGC	47,682	0	36,603	76.8%	36603	25923	25459	24069
s2l2_28_ATCCGGAATC	62,057	0	44,062	71.0%	44062	28456	28031	26429
s2l2_29_TCGACCACTC	53,475	0	40,970	76.6%	40970	29359	28657	26977
s2l2_3_AAGAGGATTC	64,551	0	42,892	66.4%	42892	29498	27164	26685
s2l2_30_CGAGGTTATC	46,512	0	35,038	75.3%	35038	24130	23626	22870
s2l2_31_TCCAAGCTGC	57,051	0	43,648	76.5%	43648	31035	30471	28301
s2l2_32_TCTTACACAC	57,145	0	38,009	66.5%	38009	22243	21895	20614
s2l2_33_TTCTCATTGAAC	47,467	0	32,832	69.2%	32832	20026	19679	18538
s2l2_34_TCGCATCGTTC	37,625	0	28,526	75.8%	28526	20493	20192	19276
s2l2_35_TAAGCCATTGTC	47,473	0	34,356	72.4%	34356	22340	21841	21164
s2l2_36_AAGGAATCGTC	42,205	0	33,006	78.2%	33006	23848	23420	22622
s2l2_37_CTTGAGAATGTC	35,052	0	26,699	76.2%	26699	18794	17742	17115
s2l2_38_TGGAGGACGGAC	40,324	0	29,552	73.3%	29552	17788	17152	16812
s2l2_39_TAACAATCGGC	12,198	0	8,938	73.3%	8938	5635	5581	5581
s2l2_4_TACCAAGATC	66,525	0	42,610	64.1%	42610	27719	25851	25357
s2l2_40_CTGACATAATC	61,572	0	43,748	71.1%	43748	29215	28823	27105
s2l2_41_TTCCACTTCGC	42,693	0	26,661	62.4%	26661	17588	16680	16483
s2l2_42_AGCACGAATC	30,820	0	22,162	71.9%	22162	15979	15555	15320
s2l2_43_CTTGACACCGC	42,323	0	29,384	69.4%	29384	19235	18348	18246
s2l2_44_TTGGAGGCCAGC	22,362	0	17,393	77.8%	17393	13260	12901	12878
s2l2_45_TGGAGCTTCCTC	24,878	0	18,812	75.6%	18812	13915	13521	13457
s2l2_46_TCAGTCCGAAC	36,503	0	26,970	73.9%	26970	18831	18377	18069
s2l2_47_TAAGGCAACCAC	33,900	0	22,729	67.0%	22729	15324	14651	14609
s2l2_48_TTCTAAGAGAC	39,058	0	27,826	71.2%	27826	20150	19091	18932
s2l2_49_TCCTAACATAAC	30,680	0	19,759	64.4%	19759	12344	11671	11449
s2l2_5_CAGAAGGAAC	46,405	0	31,168	67.2%	31168	21318	19449	19164
s2l2_50_CGGACAATGGC	23,860	0	17,166	71.9%	17166	11896	11340	11231
s2l2_51_TTGAGCCTATTC	32,946	0	24,758	75.1%	24758	17083	16655	16478
s2l2_52_CCGCATGGAAC	47,526	0	32,147	67.6%	32147	21949	21030	20945
s2l2_53_CTGGCAATCCTC	25,382	0	17,702	69.7%	17702	11189	10794	10751
s2l2_54_CCGGAGAATCGC	23,517	0	15,379	65.4%	15379	10869	10535	10535
s2l2_55_TCCACCTCCTC	28,800	0	21,832	75.8%	21832	15756	15450	15279
s2l2_56_CAGCATTAATTC	26,421	0	18,710	70.8%	18710	12129	11712	11712
s2l2_57_TCTGGCAACGGC	12,716	0	7,282	57.3%	7282	4888	4366	4366
s2l2_58_TCCTAGAACAC	42,614	0	28,724	67.4%	28724	20480	19560	19510
s2l2_59_TCCTTGATGTTC	52,816	0	38,748	73.4%	38748	27901	26659	26403
s2l2_6_CTGCAAGTTC	57,114	0	39,659	69.4%	39659	26271	24831	24109
s2l2_60_TCTAGCTCTTC	59,336	0	39,431	66.5%	39431	26596	25299	24956
s2l2_61_TCACTCGGATC	47,689	0	32,240	67.6%	32240	22158	20411	20280
s2l2_62_TTCCTGCTTCAC	49,946	0	33,821	67.7%	33821	22448	21199	20527
s2l2_63_CCTTAGAGTTC	49,103	0	32,758	66.7%	32758	22760	21087	20484
s2l2_64_CTGAGTTCCGAC	58,519	0	39,689	67.8%	39689	26554	24575	24252
s2l2_65_TCCTGGCACATC	51,857	0	35,159	67.8%	35159	24580	22708	22358
s2l2_66_CCGCAATCATC	42,222	0	29,093	68.9%	29093	21114	19091	19016
s2l2_67_TTCCTACCAGTC	51,956	0	37,489	72.2%	37489	26398	24223	24021
s2l2_68_TCAAGAAGTTC	60,755	0	42,484	69.9%	42484	31162	28733	28260
s2l2_69_TTCAATTGGC	51,003	0	36,388	71.3%	36388	26944	24352	23526
s2l2_7_TTCGTGATTC	66,958	0	47,865	71.5%	47865	36004	33483	32780
s2l2_70_CCTACTGGTC	48,996	0	33,251	67.9%	33251	23430	20997	20752
s2l2_71_TGAGGCTCCGAC	51,000	0	36,909	72.4%	36909	26233	24696	24430
s2l2_72_CGAAGGCCACAC	58,103	0	38,526	66.3%	38526	25622	23795	23342
s2l2_73_TCTGCCTGTC	54,876	0	36,671	66.8%	36671	26360	24313	23839
s2l2_74_CGATCGGTTC	57,003	0	41,233	72.3%	41233	30083	28467	27697
s2l2_75_TCAGGAATAC	58,676	0	40,771	69.5%	40771	28027	25922	25614
s2l2_76_CGGAAGAACCTC	64,398	0	44,353	68.9%	44353	31386	29449	28516
s2l2_77_CGAAGCGATTC	56,099	0	38,298	68.3%	38298	28407	25764	25648
s2l2_78_CAGCCAATTCTC	40,198	0	26,280	65.4%	26280	17246	15310	15256
s2l2_79_CCTGGTTGTC	58,531	0	42,131	72.0%	42131	31475	29069	28636
s2l2_8_TTCCGATAAC	62,243	0	41,584	66.8%	41584	28846	26484	26380
s2l2_80_TCGAAGGCAGGC	56,007	0	39,645	70.8%	39645	29058	26849	26083
s2l2_9_TGAGCGGAAC	60,928	0	41,832	68.7%	41832	29532	27376	26847
s2l3_1_CTAAGGTAAC	54,847	0	20,190	36.8%	20190	11149	10939	10716
s2l3_10_CTGACCGAAC	68,792	0	27,384	39.8%	27384	15269	14622	13944
s2l3_11_TCCTCGAATC	79,300	0	29,734	37.5%	29734	15158	14592	14182
s2l3_12_TAGGTGGTTC	65,664	0	26,700	40.7%	26700	14695	14417	13823
s2l3_13_TCTAACGGAC	52,243	0	18,042	34.5%	18042	8850	8602	8529
s2l3_14_TTGGAGTGTC	54,368	0	19,971	36.7%	19971	9514	9309	8819
s2l3_15_TCTAGAGGTC	62,670	0	25,544	40.8%	25544	14537	14264	13147
s2l3_16_TCTGGATGAC	73,164	0	29,052	39.7%	29052	15734	14982	14319
s2l3_17_TCTATTCGTC	51,255	0	21,772	42.5%	21772	12204	11929	11643
s2l3_18_AGGCAATTGC	59,002	0	24,011	40.7%	24011	13002	12601	12328
s2l3_19_TTAGTCGGAC	44,231	0	15,587	35.2%	15587	7706	7168	7100
s2l3_2_TAAGGAGAAC	62,893	0	19,569	31.1%	19569	8829	8601	8356
s2l3_20_CAGATCCATC	79,067	0	23,198	29.3%	23198	10171	9866	9512
s2l3_21_TCGCAATTAC	53,590	0	18,871	35.2%	18871	9617	8971	8958
s2l3_22_TTCGAGACGC	18,692	0	7,229	38.7%	7229	3908	3531	3491
s2l3_23_TGCCACGAAC	55,744	0	18,129	32.5%	18129	8131	7431	7431
s2l3_24_AACCTCATTC	64,249	0	24,277	37.8%	24277	11503	10823	10823
s2l3_25_CCTGAGATAC	44,054	0	14,510	32.9%	14510	6338	5850	5831
s2l3_26_TTACAACCTC	62,247	0	17,808	28.6%	17808	7538	6669	6669
s2l3_27_AACCATCCGC	52,911	0	17,999	34.0%	17999	8501	7986	7986
s2l3_28_ATCCGGAATC	78	0	32	41.0%	32	11	3	3
s2l3_29_TCGACCACTC	32,504	0	12,573	38.7%	12573	6429	6109	6046
s2l3_3_AAGAGGATTC	67,086	0	23,908	35.6%	23908	10887	10653	9915
s2l3_30_CGAGGTTATC	48,872	0	18,875	38.6%	18875	9620	8969	8969
s2l3_31_TCCAAGCTGC	44,326	0	17,127	38.6%	17127	8312	7899	7899
s2l3_32_TCTTACACAC	43,736	0	13,714	31.4%	13714	5791	5486	5486
s2l3_33_TTCTCATTGAAC	50,506	0	15,605	30.9%	15605	6259	5713	5713
s2l3_34_TCGCATCGTTC	26,112	0	12,709	48.7%	12709	7708	7421	7409
s2l3_35_TAAGCCATTGTC	53,386	0	18,158	34.0%	18158	8588	7991	7906
s2l3_36_AAGGAATCGTC	34,345	0	14,165	41.2%	14165	7412	6921	6921
s2l3_37_CTTGAGAATGTC	44,533	0	15,266	34.3%	15266	7260	6613	6613
s2l3_38_TGGAGGACGGAC	37,615	0	13,048	34.7%	13048	6032	5673	5567
s2l3_39_TAACAATCGGC	42,243	0	13,868	32.8%	13868	6351	5745	5745
s2l3_4_TACCAAGATC	79,507	0	26,713	33.6%	26713	12673	12403	12057
s2l3_41_TTCCACTTCGC	55,442	0	21,023	37.9%	21023	10619	9818	9572
s2l3_42_AGCACGAATC	51,068	0	21,991	43.1%	21991	12632	11493	10949
s2l3_43_CTTGACACCGC	60,541	0	22,354	36.9%	22354	10791	9709	9709
s2l3_44_TTGGAGGCCAGC	51,676	0	26,040	50.4%	26040	11019	8982	8978
s2l3_45_TGGAGCTTCCTC	55,661	0	21,478	38.6%	21478	11489	10466	10360
s2l3_46_TCAGTCCGAAC	58,744	0	19,906	33.9%	19906	9520	8674	8674
s2l3_47_TAAGGCAACCAC	59,882	0	20,531	34.3%	20531	10328	9451	9121
s2l3_48_TTCTAAGAGAC	66,786	0	24,280	36.4%	24280	13194	12084	11781
s2l3_49_TCCTAACATAAC	52,019	0	18,830	36.2%	18830	8481	7682	7429
s2l3_5_CAGAAGGAAC	52,335	0	17,669	33.8%	17669	8631	8370	8126
s2l3_50_CGGACAATGGC	56,539	0	23,212	41.1%	23212	10582	9393	9314
s2l3_51_TTGAGCCTATTC	71,441	0	27,190	38.1%	27190	12881	12268	11678
s2l3_52_CCGCATGGAAC	72,311	0	23,482	32.5%	23482	10840	9922	9535
s2l3_53_CTGGCAATCCTC	57,497	0	21,589	37.5%	21589	10860	10259	10207
s2l3_54_CCGGAGAATCGC	34,313	0	12,275	35.8%	12275	6344	5720	5710
s2l3_55_TCCACCTCCTC	72,110	0	27,620	38.3%	27620	15225	13974	13708
s2l3_56_CAGCATTAATTC	70,533	0	20,402	28.9%	20402	8471	7777	7777
s2l3_57_TCTGGCAACGGC	18,606	0	8,516	45.8%	8516	4437	3962	3962
s2l3_58_TCCTAGAACAC	57,675	0	19,454	33.7%	19454	9977	9092	8680
s2l3_6_CTGCAAGTTC	68,371	0	28,093	41.1%	28093	14597	14157	13439
s2l3_60_TCTAGCTCTTC	71,871	0	25,797	35.9%	25797	13187	12167	12157
s2l3_61_TCACTCGGATC	22,005	0	8,957	40.7%	8957	4907	4700	4700
s2l3_62_TTCCTGCTTCAC	14,628	0	6,115	41.8%	6115	3053	2943	2943
s2l3_63_CCTTAGAGTTC	23,903	0	9,543	39.9%	9543	4378	4192	4192
s2l3_64_CTGAGTTCCGAC	22,498	0	8,876	39.5%	8876	4036	3912	3893
s2l3_65_TCCTGGCACATC	19,009	0	8,628	45.4%	8628	5378	5271	5269
s2l3_66_CCGCAATCATC	17,880	0	7,728	43.2%	7728	4528	4420	4395
s2l3_67_TTCCTACCAGTC	23,537	0	7,818	33.2%	7818	3791	3613	3613
s2l3_68_TCAAGAAGTTC	19,858	0	7,694	38.7%	7694	3955	3824	3747
s2l3_69_TTCAATTGGC	17,397	0	5,742	33.0%	5742	2851	2751	2746
s2l3_7_TTCGTGATTC	83,433	0	32,716	39.2%	32716	17903	16896	16245
s2l3_70_CCTACTGGTC	11,297	0	4,363	38.6%	4363	2070	1973	1973
s2l3_71_TGAGGCTCCGAC	19,338	0	9,015	46.6%	9015	4680	4258	4258
s2l3_72_CGAAGGCCACAC	28,493	0	10,272	36.1%	10272	5353	5224	5175
s2l3_73_TCTGCCTGTC	29,287	0	12,245	41.8%	12245	6883	6786	6611
s2l3_74_CGATCGGTTC	18,729	0	8,573	45.8%	8573	4732	4649	4622
s2l3_75_TCAGGAATAC	19,945	0	7,796	39.1%	7796	3686	3545	3545
s2l3_76_CGGAAGAACCTC	28,821	0	11,499	39.9%	11499	5666	5465	5465
s2l3_77_CGAAGCGATTC	16,978	0	7,688	45.3%	7688	3785	3700	3628
s2l3_78_CAGCCAATTCTC	47,420	0	15,645	33.0%	15645	8207	8038	7765
s2l3_79_CCTGGTTGTC	14,665	0	6,420	43.8%	6420	3312	3188	3188
s2l3_8_TTCCGATAAC	72,158	0	22,824	31.6%	22824	10648	10059	9918
s2l3_80_TCGAAGGCAGGC	40,974	0	19,349	47.2%	19349	12939	12784	12448
s2l3_9_TGAGCGGAAC	73,837	0	28,359	38.4%	28359	15066	14291	13750
s2l4re_1_CTAAGGTAAC	59,115	0	18,123	30.7%	18123	10170	10085	10068
s2l4re_10_CTGACCGAAC	59,398	0	17,946	30.2%	17946	10405	10247	10199
s2l4re_11_TCCTCGAATC	65,256	0	18,089	27.7%	18089	9362	9248	9233
s2l4re_12_TAGGTGGTTC	65,327	0	19,019	29.1%	19019	10815	10713	10677
s2l4re_13_TCTAACGGAC	51,468	0	16,473	32.0%	16473	9825	9748	9748
s2l4re_14_TTGGAGTGTC	47,542	0	14,625	30.8%	14625	8667	8604	8604
s2l4re_15_TCTAGAGGTC	51,963	0	15,201	29.3%	15201	8699	8659	8659
s2l4re_16_TCTGGATGAC	60,147	0	19,952	33.2%	19952	12334	12228	12166
s2l4re_17_TCTATTCGTC	39,333	0	12,888	32.8%	12888	8036	7991	7991
s2l4re_18_AGGCAATTGC	54,729	0	14,868	27.2%	14868	7999	7964	7964
s2l4re_19_TTAGTCGGAC	34,197	0	11,289	33.0%	11289	6762	6745	6745
s2l4re_2_TAAGGAGAAC	57,097	0	16,089	28.2%	16089	8860	8767	8767
s2l4re_20_CAGATCCATC	66,242	0	15,967	24.1%	15967	7687	7649	7649
s2l4re_21_TCGCAATTAC	52,912	0	12,328	23.3%	12328	7046	6530	6470
s2l4re_22_TTCGAGACGC	16,162	0	3,922	24.3%	3922	2477	2150	2150
s2l4re_23_TGCCACGAAC	56,842	0	11,334	19.9%	11334	6089	5411	5411
s2l4re_24_AACCTCATTC	58,349	0	11,059	19.0%	11059	6029	5519	5507
s2l4re_25_CCTGAGATAC	42,721	0	9,640	22.6%	9640	5320	4832	4666
s2l4re_26_TTACAACCTC	47,275	0	9,734	20.6%	9734	4537	4297	4237
s2l4re_27_AACCATCCGC	53,141	0	11,072	20.8%	11072	6081	5620	5572
s2l4re_28_ATCCGGAATC	61,580	0	12,695	20.6%	12695	7120	6560	6404
s2l4re_29_TCGACCACTC	49,391	0	9,878	20.0%	9878	5566	4902	4902
s2l4re_3_AAGAGGATTC	62,914	0	21,746	34.6%	21746	13343	13251	13251
s2l4re_30_CGAGGTTATC	51,425	0	11,107	21.6%	11107	6523	5811	5811
s2l4re_31_TCCAAGCTGC	53,459	0	12,885	24.1%	12885	7684	7186	7084
s2l4re_32_TCTTACACAC	59,016	0	13,090	22.2%	13090	6746	6322	6322
s2l4re_33_TTCTCATTGAAC	53,564	0	16,770	31.3%	16770	9686	9590	9590
s2l4re_34_TCGCATCGTTC	44,109	0	13,213	30.0%	13213	7943	7741	7692
s2l4re_35_TAAGCCATTGTC	40,744	0	8,566	21.0%	8566	4594	4080	4080
s2l4re_36_AAGGAATCGTC	7,621	0	1,878	24.6%	1878	1062	936	936
s2l4re_37_CTTGAGAATGTC	7,021	0	1,704	24.3%	1704	921	841	841
s2l4re_38_TGGAGGACGGAC	35,055	0	7,554	21.5%	7554	4370	3916	3916
s2l4re_39_TAACAATCGGC	42,548	0	8,534	20.1%	8534	4790	4243	4165
s2l4re_4_TACCAAGATC	71,134	0	16,975	23.9%	16975	8384	8298	8298
s2l4re_40_CTGACATAATC	32,068	0	6,908	21.5%	6908	4631	4531	4524
s2l4re_41_TTCCACTTCGC	13,546	0	3,314	24.5%	3314	1758	1691	1691
s2l4re_42_AGCACGAATC	10,206	0	2,559	25.1%	2559	1370	1308	1308
s2l4re_43_CTTGACACCGC	11,220	0	2,828	25.2%	2828	1473	1355	1355
s2l4re_44_TTGGAGGCCAGC	12,215	0	3,093	25.3%	3093	2016	1949	1949
s2l4re_45_TGGAGCTTCCTC	12,117	0	3,065	25.3%	3065	1780	1697	1697
s2l4re_46_TCAGTCCGAAC	15,229	0	3,541	23.3%	3541	2071	2014	1998
s2l4re_47_TAAGGCAACCAC	22,267	0	4,690	21.1%	4690	3158	3075	3075
s2l4re_48_TTCTAAGAGAC	16,250	0	4,187	25.8%	4187	2581	2469	2463
s2l4re_49_TCCTAACATAAC	14,184	0	2,730	19.2%	2730	1430	1240	1240
s2l4re_5_CAGAAGGAAC	49,614	0	15,590	31.4%	15590	8669	8568	8568
s2l4re_50_CGGACAATGGC	10,310	0	2,689	26.1%	2689	1435	1372	1372
s2l4re_51_TTGAGCCTATTC	33,073	0	7,868	23.8%	7868	5492	5311	5233
s2l4re_52_CCGCATGGAAC	20,685	0	4,537	21.9%	4537	2508	2392	2392
s2l4re_53_CTGGCAATCCTC	33,751	0	7,818	23.2%	7818	5286	5152	4960
s2l4re_54_CCGGAGAATCGC	13,525	0	3,204	23.7%	3204	1807	1694	1694
s2l4re_55_TCCACCTCCTC	18,546	0	4,429	23.9%	4429	2352	2233	2233
s2l4re_56_CAGCATTAATTC	56,691	0	16,590	29.3%	16590	9011	8972	8972
s2l4re_57_TCTGGCAACGGC	11,478	0	3,332	29.0%	3332	1854	1747	1747
s2l4re_58_TCCTAGAACAC	30,666	0	7,072	23.1%	7072	4160	3926	3926
s2l4re_59_TCCTTGATGTTC	12,885	0	3,123	24.2%	3123	1784	1697	1697
s2l4re_6_CTGCAAGTTC	55,911	0	16,146	28.9%	16146	9001	8831	8831
s2l4re_60_TCTAGCTCTTC	67,452	0	17,534	26.0%	17534	9389	9122	9122
s2l4re_61_TCACTCGGATC	56,455	0	17,682	31.3%	17682	10341	10295	10295
s2l4re_62_TTCCTGCTTCAC	46,060	0	14,389	31.2%	14389	8377	8355	8355
s2l4re_63_CCTTAGAGTTC	61,227	0	20,178	33.0%	20178	11844	11833	11833
s2l4re_64_CTGAGTTCCGAC	58,727	0	14,850	25.3%	14850	7391	7328	7328
s2l4re_65_TCCTGGCACATC	53,099	0	15,938	30.0%	15938	9220	9198	9198
s2l4re_66_CCGCAATCATC	42,806	0	13,396	31.3%	13396	7676	7617	7617
s2l4re_67_TTCCTACCAGTC	53,317	0	15,553	29.2%	15553	8628	8611	8611
s2l4re_68_TCAAGAAGTTC	61,710	0	17,813	28.9%	17813	9987	9966	9966
s2l4re_69_TTCAATTGGC	63,999	0	21,070	32.9%	21070	12353	12303	12303
s2l4re_7_TTCGTGATTC	62,355	0	18,522	29.7%	18522	10704	10614	10614
s2l4re_70_CCTACTGGTC	44,334	0	11,528	26.0%	11528	6080	6064	6064
s2l4re_71_TGAGGCTCCGAC	51,915	0	17,208	33.1%	17208	10489	10470	10470
s2l4re_72_CGAAGGCCACAC	60,193	0	16,605	27.6%	16605	8891	8822	8822
s2l4re_73_TCTGCCTGTC	55,944	0	18,346	32.8%	18346	11105	11061	11061
s2l4re_74_CGATCGGTTC	62,460	0	16,989	27.2%	16989	9096	9043	9043
s2l4re_75_TCAGGAATAC	64,350	0	16,894	26.3%	16894	8697	8665	8665
s2l4re_76_CGGAAGAACCTC	57,681	0	15,318	26.6%	15318	7999	7957	7957
s2l4re_77_CGAAGCGATTC	56,323	0	18,620	33.1%	18620	11337	11261	11261
s2l4re_78_CAGCCAATTCTC	45,064	0	9,875	21.9%	9875	4598	4519	4519
s2l4re_79_CCTGGTTGTC	48,860	0	15,220	31.2%	15220	9161	9123	9123
s2l4re_8_TTCCGATAAC	59,993	0	19,245	32.1%	19245	11134	11085	11085
s2l4re_9_TGAGCGGAAC	60,414	0	17,287	28.6%	17287	9571	9484	9484
